{ "SystemTags": {
		"TAG_USER_STRING_0":{"ID":1431515184,"Type":4,"MinVal":0,"MaxVal":30,"nDx":0},"TAG_USER_STRING_1":{"ID":1431515184,"Type":4,"MinVal":0,"MaxVal":30,"nDx":1},"TAG_USER_STRING_2":{"ID":1431515184,"Type":4,"MinVal":0,"MaxVal":30,"nDx":2},"TAG_CALSCALE":{"ID":1128345649,"Type":3,"MinVal":0.001,"MaxVal":100000},"TAG_CALDATE":{"ID":1128345650,"Type":1,"MinVal":0,"MaxVal":4294967295},"TAG_SENSITIVITY":{"ID":1128345651,"Type":3,"MinVal":0.001,"MaxVal":100000},"TAG_CALIBRATOR_LEVEL_0":{"ID":1128411184,"Type":3,"MinVal":0,"MaxVal":200,"nDx":0},"TAG_CALIBRATOR_LEVEL_1":{"ID":1128411184,"Type":3,"MinVal":0,"MaxVal":200,"nDx":1},"TAG_CALIBRATOR_LEVEL_2":{"ID":1128411184,"Type":3,"MinVal":0,"MaxVal":200,"nDx":2},"TAG_CALIBRATOR_LEVEL_3":{"ID":1128411184,"Type":3,"MinVal":0,"MaxVal":200,"nDx":3},"TAG_CALIBRATOR_FREQ_0":{"ID":1128416816,"Type":3,"MinVal":0,"MaxVal":20000,"nDx":0},"TAG_CALIBRATOR_FREQ_1":{"ID":1128416816,"Type":3,"MinVal":0,"MaxVal":20000,"nDx":1},"TAG_CALIBRATOR_FREQ_2":{"ID":1128416816,"Type":3,"MinVal":0,"MaxVal":20000,"nDx":2},"TAG_CALIBRATOR_FREQ_3":{"ID":1128416816,"Type":3,"MinVal":0,"MaxVal":20000,"nDx":3},"TAG_CALIBRATOR_STRING_0":{"ID":1128420144,"Type":4,"MinVal":0,"MaxVal":255,"nDx":0},"TAG_CALIBRATOR_STRING_1":{"ID":1128420144,"Type":4,"MinVal":0,"MaxVal":255,"nDx":1},"TAG_CALIBRATOR_STRING_2":{"ID":1128420144,"Type":4,"MinVal":0,"MaxVal":255,"nDx":2},"TAG_CALIBRATOR_STRING_3":{"ID":1128420144,"Type":4,"MinVal":0,"MaxVal":255,"nDx":3},"TAG_CERTIFICATION_INTERVAL":{"ID":1129590833,"Type":0,"MinVal":0,"MaxVal":5},"TAG_CERTIFICATION_REMIND":{"ID":1129590834,"Type":0,"MinVal":0,"MaxVal":5},"TAG_CERTIFICATION_STRING_0":{"ID":1129599792,"Type":4,"MinVal":0,"MaxVal":255,"nDx":0},"TAG_CERTIFICATION_STRING_1":{"ID":1129599792,"Type":4,"MinVal":0,"MaxVal":255,"nDx":1},"TAG_CERTIFICATION_STRING_2":{"ID":1129599792,"Type":4,"MinVal":0,"MaxVal":255,"nDx":2},"TAG_CERTIFICATION_STRING_3":{"ID":1129599792,"Type":4,"MinVal":0,"MaxVal":255,"nDx":3},"TAG_CERTIFICATION_STRING_4":{"ID":1129599792,"Type":4,"MinVal":0,"MaxVal":255,"nDx":4},"TAG_MIC_SENSITIVITY":{"ID":1397576497,"Type":3,"MinVal":0,"MaxVal":2000},"TAG_MIC_NOISE_FLOOR":{"ID":1397575238,"Type":3,"MinVal":0,"MaxVal":2000},"TAG_MIC_INFO":{"ID":1397573966,"Type":4,"MinVal":0,"MaxVal":255},"TAG_DATE_TIME":{"ID":1146368049,"Type":1,"MinVal":0,"MaxVal":4294967295,"Flags":2},"TAG_DATE_TIME_EX":{"ID":1146368050,"Type":7,"MinVal":0,"MaxVal":4294967295,"Flags":2},"TAG_CURRENT_FILE_INDEX":{"ID":1179529266,"Type":1,"MinVal":0,"MaxVal":9999},"TAG_SMS_OUT_TYPE_0":{"ID":1397707825,"Type":0,"MinVal":0,"MaxVal":5,"nDx":0},"TAG_SMS_OUT_TYPE_1":{"ID":1397707825,"Type":0,"MinVal":0,"MaxVal":5,"nDx":1},"TAG_SMS_OUT_TYPE_2":{"ID":1397707825,"Type":0,"MinVal":0,"MaxVal":5,"nDx":2},"TAG_MAC_ADDRESS":{"ID":1229799747,"Type":4,"MinVal":0,"MaxVal":255},"TAG_IP_ADDRESS":{"ID":1229996356,"Type":4,"MinVal":0,"MaxVal":255},"TAG_AUTO_STORE":{"ID":1095970865,"Type":0,"MinVal":0,"MaxVal":3},"TAG_AUTOSYNC":{"ID":1146105908,"Type":0,"MinVal":0,"MaxVal":2},"TAG_COMPRESS_DATA_FILES":{"ID":1128547889,"Type":0,"MinVal":0,"MaxVal":2},"TAG_DISPLAY_CONTRAST":{"ID":1146105905,"Type":2,"MinVal":-9,"MaxVal":9},"TAG_DISPLAY_DATE":{"ID":1146105907,"Type":0,"MinVal":0,"MaxVal":2},"TAG_DISPLAY_DECIMAL":{"ID":1146105906,"Type":0,"MinVal":0,"MaxVal":2},"TAG_DISPLAYOPTIONS1":{"ID":1146310705,"Type":1,"MinVal":1,"MaxVal":4294967295},"TAG_DISPLAYOPTIONS2":{"ID":1146310706,"Type":1,"MinVal":1,"MaxVal":4294967295},"TAG_DISPLAYOPTIONS3":{"ID":1146310707,"Type":1,"MinVal":1,"MaxVal":4294967295},"TAG_DISPLAYOPTIONS4":{"ID":1146310708,"Type":1,"MinVal":1,"MaxVal":4294967295},"TAG_DISPLAYOPTIONS5":{"ID":1146310709,"Type":1,"MinVal":1,"MaxVal":4294967295},"TAG_DISPLAYOPTIONS6":{"ID":1146310710,"Type":1,"MinVal":1,"MaxVal":4294967295},"TAG_DISPLAYOPTIONS7":{"ID":1146310711,"Type":1,"MinVal":1,"MaxVal":4294967295},"TAG_DISPLAYOPTIONS8":{"ID":1146310712,"Type":1,"MinVal":1,"MaxVal":4294967295},"TAG_FULL_OCTAVE_REFERENCE_SPECTRA1":{"ID":1179800369,"Type":6,"MinVal":-20,"MaxVal":140},"TAG_FULL_REF_SP1":{"ID":1179799089,"Type":4,"MinVal":0,"MaxVal":255},"TAG_FULL_REF_SP2":{"ID":1179799090,"Type":4,"MinVal":0,"MaxVal":255},"TAG_FULL_REF_SP3":{"ID":1179799091,"Type":4,"MinVal":0,"MaxVal":255},"TAG_FULL_REF_SP4":{"ID":1179799092,"Type":4,"MinVal":0,"MaxVal":255},"TAG_GPS_MODE":{"ID":1196446513,"Type":0,"MinVal":0,"MaxVal":3,"Flags":1},"TAG_LANGUAGE":{"ID":1279733809,"Type":0,"MinVal":0,"MaxVal":11},"TAG_LOCK_CAL":{"ID":1279995954,"Type":0,"MinVal":0,"MaxVal":2},"TAG_LOCK_COM":{"ID":1279995956,"Type":1,"MinVal":0,"MaxVal":9999},"TAG_LOCK_MODE":{"ID":1279995953,"Type":0,"MinVal":0,"MaxVal":4},"TAG_LOCK_TASK":{"ID":1279995955,"Type":0,"MinVal":0,"MaxVal":2},"TAG_LOGIC_IN":{"ID":1280264526,"Type":0,"MinVal":0,"MaxVal":4,"Flags":2},"TAG_LOGIC_OUT":{"ID":1280267604,"Type":0,"MinVal":0,"MaxVal":3,"Flags":2},"TAG_LTM5_ENABLE":{"ID":1280593205,"Type":0,"MinVal":0,"MaxVal":2,"Flags":1},"TAG_MASK_OPTION":{"ID":1297304368,"Type":1,"MinVal":1,"MaxVal":4294967295},"TAG_MODEM_DIAL_OUT":{"ID":1297040438,"Type":0,"MinVal":0,"MaxVal":4},"TAG_MODEM_MODEM_INIT":{"ID":1297040436,"Type":4,"MinVal":0,"MaxVal":255},"TAG_MODEM_MONITER_NO":{"ID":1297040435,"Type":2,"MinVal":0,"MaxVal":255},"TAG_MODEM_ON_OFF":{"ID":1297040437,"Type":0,"MinVal":0,"MaxVal":2},"TAG_MODEM_PASSWD":{"ID":1297040434,"Type":4,"MinVal":0,"MaxVal":255},"TAG_MODEM_PHONE_NO":{"ID":1297040433,"Type":4,"MinVal":0,"MaxVal":255},"TAG_NETWORK_PASSWORD":{"ID":1313888068,"Type":4,"MinVal":0,"MaxVal":255},"TAG_OUTPUTS":{"ID":1330982961,"Type":0,"MinVal":0,"MaxVal":3,"Flags":2},"TAG_OVERWRITE_OLD_FILES":{"ID":1330595377,"Type":0,"MinVal":0,"MaxVal":2},"TAG_PHOENIX_STATE":{"ID":1346915928,"Type":0,"MinVal":0,"MaxVal":2},"TAG_POWER_BATT":{"ID":1347891253,"Type":0,"MinVal":0,"MaxVal":3},"TAG_POWER_EXT_SHUTOFF":{"ID":1347891254,"Type":3,"MinVal":10,"MaxVal":25},"TAG_POWER_LIGHT":{"ID":1347891252,"Type":0,"MinVal":0,"MaxVal":3},"TAG_POWER_LIGHT_TIME":{"ID":1347891251,"Type":0,"MinVal":0,"MaxVal":5},"TAG_POWER_OFF_TIME":{"ID":1347891249,"Type":0,"MinVal":0,"MaxVal":5},"TAG_POWER_SLEEP_TIME":{"ID":1347891250,"Type":0,"MinVal":0,"MaxVal":5},"TAG_PRM2103_HEATER":{"ID":1345538132,"Type":0,"MinVal":0,"MaxVal":4},"TAG_RANDOMCORRECTION":{"ID":1380200497,"Type":0,"MinVal":0,"MaxVal":6,"Flags":1},"TAG_RESET_PROMPT":{"ID":1380986929,"Type":0,"MinVal":0,"MaxVal":2},"TAG_RS232_BAUD":{"ID":1381183538,"Type":2,"MinVal":0,"MaxVal":3},"TAG_RS232_ON_OFF":{"ID":1381183537,"Type":0,"MinVal":0,"MaxVal":2},"TAG_SMS_OUT_NUMBER_0":{"ID":1397706288,"Type":4,"MinVal":0,"MaxVal":255,"nDx":0},"TAG_SMS_OUT_NUMBER_1":{"ID":1397706288,"Type":4,"MinVal":0,"MaxVal":255,"nDx":1},"TAG_SMS_OUT_NUMBER_2":{"ID":1397706288,"Type":4,"MinVal":0,"MaxVal":255,"nDx":2},"TAG_STARTUPTAB":{"ID":1398035505,"Type":2,"MinVal":1,"MaxVal":2147483647},"TAG_THIRD_OCTAVE_REFERENCE_SPECTRA1":{"ID":1414681393,"Type":6,"MinVal":-20,"MaxVal":140},"TAG_THRD_REF_SP1":{"ID":1414680113,"Type":4,"MinVal":0,"MaxVal":255},"TAG_THRD_REF_SP2":{"ID":1414680114,"Type":4,"MinVal":0,"MaxVal":255},"TAG_THRD_REF_SP3":{"ID":1414680115,"Type":4,"MinVal":0,"MaxVal":255},"TAG_THRD_REF_SP4":{"ID":1414680116,"Type":4,"MinVal":0,"MaxVal":255},"TAG_TIMEZONECORRECTION_HRS":{"ID":1415202865,"Type":2,"MinVal":-12,"MaxVal":13,"Flags":2},"TAG_TIMEZONECORRECTION_MIN":{"ID":1415204145,"Type":2,"MinVal":0,"MaxVal":59,"Flags":2},"TAG_UNIT_CONV":{"ID":1431196721,"Type":0,"MinVal":0,"MaxVal":2},"TAG_USB_HOST_POWER":{"ID":1430802519,"Type":0,"MinVal":0,"MaxVal":2},"TAG_USB_STORAGE":{"ID":1431519793,"Type":0,"MinVal":0,"MaxVal":2},"TAG_VOICE_COMPRESSION":{"ID":1447899185,"Type":0,"MinVal":0,"MaxVal":2},"TAG_WIRELESS_APN":{"ID":1196446258,"Type":4,"MinVal":0,"MaxVal":255},"TAG_WIRELESS_APNPASSWD":{"ID":1196446260,"Type":4,"MinVal":0,"MaxVal":255},"TAG_WIRELESS_MONITOR_NUM":{"ID":1196446262,"Type":2,"MinVal":0,"MaxVal":9999},"TAG_WIRELESS_ON_OFF":{"ID":1196446257,"Type":0,"MinVal":0,"MaxVal":2},"TAG_WIRELESS_PASSWD":{"ID":1196446261,"Type":4,"MinVal":0,"MaxVal":255},"TAG_WIRELESS_USR_NAME":{"ID":1196446259,"Type":4,"MinVal":0,"MaxVal":255},"TAG_OPTION_FLAGS":{"ID":1330664497,"Type":1,"MinVal":0,"MaxVal":4294967295},"TAG_FILE_EXTENSION":{"ID":1179529267,"Type":2,"MinVal":0,"MaxVal":999},"TAG_SYNC_DATETIME_WITH_PC":{"ID":8947848,"Type":2,"MinVal":0,"MaxVal":1}
	},
   "PropertyTags": {
		"TAG_STABLE_LEVEL":{"ID":1380790324,"Type":3,"MinVal":0,"MaxVal":5},"TAG_EVENT_MIN_DURATION":{"ID":1163276341,"Type":3,"MinVal":0.1,"MaxVal":9.9,"Flags":1},"TAG_EVENING_PENALTY":{"ID":1145974836,"Type":3,"MinVal":0,"MaxVal":99.9,"Flags":1},"TAG_NIGHT_PENALTY":{"ID":1145974837,"Type":3,"MinVal":0,"MaxVal":99.9,"Flags":1},"TAG_DOSE_THRESHOLD_0":{"ID":1146302514,"Type":3,"MinVal":20,"MaxVal":200,"nDx":0,"Flags":1},"TAG_DOSE_THRESHOLD_1":{"ID":1146302514,"Type":3,"MinVal":20,"MaxVal":200,"nDx":1,"Flags":1},"TAG_DOSE_C_LEVEL_0":{"ID":1146302516,"Type":3,"MinVal":20,"MaxVal":200,"nDx":0},"TAG_DOSE_C_LEVEL_1":{"ID":1146302516,"Type":3,"MinVal":20,"MaxVal":200,"nDx":1},"TAG_DOSE_C_TIME_0":{"ID":1146302517,"Type":3,"MinVal":1,"MaxVal":24,"nDx":0},"TAG_DOSE_C_TIME_1":{"ID":1146302517,"Type":3,"MinVal":1,"MaxVal":24,"nDx":1},"TAG_EVENT_LEVEL_0":{"ID":1163276338,"Type":3,"MinVal":0,"MaxVal":200,"nDx":0,"Flags":1},"TAG_EVENT_LEVEL_1":{"ID":1163276338,"Type":3,"MinVal":0,"MaxVal":200,"nDx":1,"Flags":1},"TAG_EVENT_LEVEL_2":{"ID":1163276338,"Type":3,"MinVal":0,"MaxVal":200,"nDx":2,"Flags":1},"TAG_EVENT_LEVEL_3":{"ID":1163276338,"Type":3,"MinVal":0,"MaxVal":200,"nDx":3,"Flags":1},"TAG_EVENT_LEVEL_4":{"ID":1163276338,"Type":3,"MinVal":0,"MaxVal":200,"nDx":4,"Flags":1},"TAG_EVENT_LEVEL_5":{"ID":1163276338,"Type":3,"MinVal":0,"MaxVal":200,"nDx":5,"Flags":1},"TAG_EVENT_DYN_TRIG_OFFSET":{"ID":1163276343,"Type":3,"MinVal":3,"MaxVal":99.9,"Flags":1},"TAG_WIND_SCALE":{"ID":1464747057,"Type":3,"MinVal":0.0001,"MaxVal":1000,"Flags":1},"TAG_WIND_THRESHOLD":{"ID":1464747060,"Type":3,"MinVal":0,"MaxVal":1000,"Flags":1},"TAG_WIND_LEVEL":{"ID":1464747061,"Type":3,"MinVal":0,"MaxVal":1000,"Flags":1},"TAG_WIND_HYSTERESIS":{"ID":1464747062,"Type":3,"MinVal":0,"MaxVal":1000,"Flags":1},"TAG_ADC1_SCALE":{"ID":1094988081,"Type":3,"MinVal":-9999.9999,"MaxVal":9999.9999,"Flags":1},"TAG_ADC1_OFFSET":{"ID":1094988082,"Type":3,"MinVal":-9999.9999,"MaxVal":9999.9999,"Flags":1},"TAG_ADC2_SCALE":{"ID":1094988337,"Type":3,"MinVal":-9999.9999,"MaxVal":9999.9999,"Flags":1},"TAG_ADC2_OFFSET":{"ID":1094988338,"Type":3,"MinVal":-9999.9999,"MaxVal":9999.9999,"Flags":1},"TAG_RT60_NOISE_ATTENUATION":{"ID":1312895025,"Type":3,"MinVal":0,"MaxVal":50,"Flags":2},"TAG_RT60_TRIGGER_LEVEL":{"ID":1414678323,"Type":3,"MinVal":0,"MaxVal":99.9,"Flags":2},"TAG_HIST_PERIOD":{"ID":1213214769,"Type":2,"MinVal":1,"MaxVal":44640},"TAG_EVENT_DYNAMIC_RESPONSE":{"ID":1163276344,"Type":2,"MinVal":1,"MaxVal":5,"Flags":1},"TAG_RA_EXIT_TIME":{"ID":1163407409,"Type":2,"MinVal":0,"MaxVal":99,"Flags":2},"TAG_RT60_BUILD_TIME":{"ID":1112813617,"Type":2,"MinVal":1,"MaxVal":9,"Flags":2},"TAG_RT60_RUN_TIME":{"ID":1381249074,"Type":2,"MinVal":2,"MaxVal":19,"Flags":2},"TAG_RT60_RUN_COUNT":{"ID":1380134961,"Type":2,"MinVal":1,"MaxVal":99,"Flags":2},"TAG_FILE_NAME":{"ID":1179529265,"Type":4,"MinVal":0,"MaxVal":8},"TAG_OVERALL_TITLE":{"ID":1330917425,"Type":4,"MinVal":1,"MaxVal":256},"TAG_MARKER_NAMES_0":{"ID":1296773169,"Type":4,"MinVal":1,"MaxVal":256,"nDx":0},"TAG_MARKER_NAMES_1":{"ID":1296773169,"Type":4,"MinVal":1,"MaxVal":256,"nDx":1},"TAG_MARKER_NAMES_2":{"ID":1296773169,"Type":4,"MinVal":1,"MaxVal":256,"nDx":2},"TAG_MARKER_NAMES_3":{"ID":1296773169,"Type":4,"MinVal":1,"MaxVal":256,"nDx":3},"TAG_MARKER_NAMES_4":{"ID":1296773169,"Type":4,"MinVal":1,"MaxVal":256,"nDx":4},"TAG_MARKER_NAMES_5":{"ID":1296773169,"Type":4,"MinVal":1,"MaxVal":256,"nDx":5},"TAG_MARKER_NAMES_6":{"ID":1296773169,"Type":4,"MinVal":1,"MaxVal":256,"nDx":6},"TAG_MARKER_NAMES_7":{"ID":1296773169,"Type":4,"MinVal":1,"MaxVal":256,"nDx":7},"TAG_MARKER_NAMES_8":{"ID":1296773169,"Type":4,"MinVal":1,"MaxVal":256,"nDx":8},"TAG_MARKER_NAMES_9":{"ID":1296773169,"Type":4,"MinVal":1,"MaxVal":256,"nDx":9},"TAG_DEFAULT_FILENAME":{"ID":1179529269,"Type":4,"MinVal":1,"MaxVal":256},"TAG_DOSE_NAME_0":{"ID":1146302518,"Type":4,"MinVal":1,"MaxVal":256,"nDx":0,"Flags":1},"TAG_DOSE_NAME_1":{"ID":1146302518,"Type":4,"MinVal":1,"MaxVal":256,"nDx":1,"Flags":1},"TAG_WIND_UNITS":{"ID":1464747058,"Type":4,"MinVal":1,"MaxVal":256,"Flags":1},"TAG_ADC1_UNITS":{"ID":1094988083,"Type":4,"MinVal":1,"MaxVal":256,"Flags":1},"TAG_ADC1_DESCRIPTION":{"ID":1094988084,"Type":4,"MinVal":1,"MaxVal":256,"Flags":1},"TAG_ADC2_UNITS":{"ID":1094988339,"Type":4,"MinVal":1,"MaxVal":256,"Flags":1},"TAG_ADC2_DESCRIPTION":{"ID":1094988340,"Type":4,"MinVal":1,"MaxVal":256,"Flags":1},"TAG_ALARM":{"ID":1095512113,"Type":1,"MinVal":0,"MaxVal":4294967295},"TAG_STABLE_TIME":{"ID":1380790323,"Type":1,"MinVal":0,"MaxVal":359999},"TAG_RUN_TIME":{"ID":1380790322,"Type":1,"MinVal":1,"MaxVal":4294967295,"Flags":2},"TAG_MEASUREMENT_COUNTS":{"ID":1380790326,"Type":1,"MinVal":1,"MaxVal":99999,"Flags":1},"TAG_INTERVAL_TIME":{"ID":1380790327,"Type":1,"MinVal":1,"MaxVal":0.0000115740740740741,"Flags":1},"TAG_DAILY_STORE_TIME":{"ID":1380790585,"Type":1,"MinVal":0,"MaxVal":86399,"Flags":1},"TAG_CAL_CHECK_TIME":{"ID":1380790833,"Type":1,"MinVal":0,"MaxVal":86399,"Flags":1},"TAG_TIMER_START_DATE":{"ID":1380790576,"Type":1,"MinVal":0,"MaxVal":4294967295},"TAG_TIMER_STOP_DATE":{"ID":1380790577,"Type":1,"MinVal":0,"MaxVal":4294967295},"TAG_TIMER_START_TIME_1":{"ID":1380790578,"Type":1,"MinVal":0,"MaxVal":86399},"TAG_TIMER_STOP_TIME_1":{"ID":1380790581,"Type":1,"MinVal":0,"MaxVal":86399},"TAG_TIMER_START_TIME_2":{"ID":1380790579,"Type":1,"MinVal":0,"MaxVal":86399},"TAG_TIMER_STOP_TIME_2":{"ID":1380790582,"Type":1,"MinVal":0,"MaxVal":86399},"TAG_TIMER_START_TIME_3":{"ID":1380790580,"Type":1,"MinVal":0,"MaxVal":86399},"TAG_TIMER_STOP_TIME_3":{"ID":1380790583,"Type":1,"MinVal":0,"MaxVal":86399},"TAG_TIME_HISTORY_OPTIONS":{"ID":1414017075,"Type":1,"MinVal":0,"MaxVal":4294967295,"Flags":1},"TAG_TIME_HISTORY_MISC":{"ID":1414017076,"Type":1,"MinVal":0,"MaxVal":4294967295,"Flags":1},"TAG_STREAM_HISTORY_OPTIONS":{"ID":1414017587,"Type":1,"MinVal":0,"MaxVal":4294967295},"TAG_EVENT_CONT_PERIOD":{"ID":1163276342,"Type":1,"MinVal":0,"MaxVal":9,"Flags":1},"TAG_MARKER_RECORD_PERIOD":{"ID":1296773172,"Type":1,"MinVal":1,"MaxVal":9999,"Flags":1},"TAG_MARKER_PRERECORD_PERIOD":{"ID":1296773171,"Type":1,"MinVal":0,"MaxVal":9,"Flags":1},"TAG_DAY_TIME":{"ID":1145974833,"Type":1,"MinVal":0,"MaxVal":86340,"Flags":1},"TAG_EVENING_TIME":{"ID":1145974834,"Type":1,"MinVal":0,"MaxVal":86340,"Flags":1},"TAG_NIGHT_TIME":{"ID":1145974835,"Type":1,"MinVal":0,"MaxVal":86340,"Flags":1},"TAG_EVENT_SNAPSHOT_PERIOD":{"ID":1163276593,"Type":1,"MinVal":1,"MaxVal":999,"Flags":1},"TAG_EVENT_PRETRIGGER_PERIOD":{"ID":1163276594,"Type":1,"MinVal":0,"MaxVal":5,"Flags":1},"TAG_MEASUREMENT_SNAPSHOT_PERIOD":{"ID":1297297458,"Type":1,"MinVal":1,"MaxVal":9999,"Flags":1},"TAG_TIME_HISTORY_OPTIONS3":{"ID":1414017077,"Type":1,"MinVal":0,"MaxVal":4294967295,"Flags":1},"TAG_EVENT_TH_MAX_SAMPLES":{"ID":1163276599,"Type":1,"MinVal":10,"MaxVal":9999,"Flags":1},"TAG_EVENT_TH_PRE_TRIG":{"ID":1163276600,"Type":1,"MinVal":0,"MaxVal":99,"Flags":1},"TAG_EVENT_TH_POST_TRIG":{"ID":1163276601,"Type":1,"MinVal":0,"MaxVal":99},"TAG_VHEAT_ENA_TIME":{"ID":1447571506,"Type":1,"MinVal":0,"MaxVal":86399},"TAG_VHEAT_DIS_TIME":{"ID":1447571507,"Type":1,"MinVal":0,"MaxVal":86399},"TAG_RUN_MODE":{"ID":1380790321,"Type":0,"MinVal":0,"MaxVal":6,"Flags":2},"TAG_MEASUREMENT_HISTORY":{"ID":1380790325,"Type":0,"MinVal":0,"MaxVal":2,"Flags":1},"TAG_INTERVAL_CLOCK_SYNC":{"ID":1380790329,"Type":0,"MinVal":0,"MaxVal":2},"TAG_DAILY_STORE":{"ID":1380790328,"Type":0,"MinVal":0,"MaxVal":11,"Flags":1},"TAG_DAILY_CAL_CHECK":{"ID":1380790832,"Type":0,"MinVal":0,"MaxVal":3,"Flags":1},"TAG_NUM_BLOCK_TIMERS":{"ID":1380790584,"Type":0,"MinVal":0,"MaxVal":3},"TAG_LN_TABLE_ENABLE":{"ID":1380790834,"Type":0,"MinVal":0,"MaxVal":2,"Flags":1},"TAG_TIME_HISTORY_ENABLE":{"ID":1414017073,"Type":0,"MinVal":0,"MaxVal":2,"Flags":1},"TAG_TIME_HISTORY_PERIOD":{"ID":1414017074,"Type":0,"MinVal":0,"MaxVal":24,"Flags":1},"TAG_STREAM_HISTORY_PERIOD":{"ID":1414017586,"Type":0,"MinVal":0,"MaxVal":16},"TAG_EVENT_HISTORY_ENABLE":{"ID":1163276595,"Type":0,"MinVal":0,"MaxVal":2},"TAG_EVENT_TH_ENABLE":{"ID":1163276596,"Type":0,"MinVal":0,"MaxVal":2,"Flags":1},"TAG_EVENT_TH_SPECTRA_ENABLE":{"ID":1163276598,"Type":0,"MinVal":0,"MaxVal":2,"Flags":1},"TAG_EVENT_TRIG_METHOD":{"ID":1163276345,"Type":0,"MinVal":0,"MaxVal":2,"Flags":1},"TAG_EVENT_TH_PERIOD":{"ID":1163276592,"Type":0,"MinVal":0,"MaxVal":10,"Flags":1},"TAG_MARKER_AUDIO_RECORD_0":{"ID":1296773170,"Type":0,"MinVal":0,"MaxVal":2,"nDx":0,"Flags":1},"TAG_MARKER_AUDIO_RECORD_1":{"ID":1296773170,"Type":0,"MinVal":0,"MaxVal":2,"nDx":1,"Flags":1},"TAG_MARKER_AUDIO_RECORD_2":{"ID":1296773170,"Type":0,"MinVal":0,"MaxVal":2,"nDx":2,"Flags":1},"TAG_MARKER_AUDIO_RECORD_3":{"ID":1296773170,"Type":0,"MinVal":0,"MaxVal":2,"nDx":3,"Flags":1},"TAG_MARKER_AUDIO_RECORD_4":{"ID":1296773170,"Type":0,"MinVal":0,"MaxVal":2,"nDx":4,"Flags":1},"TAG_MARKER_AUDIO_RECORD_5":{"ID":1296773170,"Type":0,"MinVal":0,"MaxVal":2,"nDx":5,"Flags":1},"TAG_MARKER_AUDIO_RECORD_6":{"ID":1296773170,"Type":0,"MinVal":0,"MaxVal":2,"nDx":6,"Flags":1},"TAG_MARKER_AUDIO_RECORD_7":{"ID":1296773170,"Type":0,"MinVal":0,"MaxVal":2,"nDx":7,"Flags":1},"TAG_MARKER_AUDIO_RECORD_8":{"ID":1296773170,"Type":0,"MinVal":0,"MaxVal":2,"nDx":8,"Flags":1},"TAG_MARKER_AUDIO_RECORD_9":{"ID":1296773170,"Type":0,"MinVal":0,"MaxVal":2,"nDx":9,"Flags":1},"TAG_EVENT_SNAPSHOT_ENABLE":{"ID":1163276597,"Type":0,"MinVal":0,"MaxVal":2,"Flags":1},"TAG_MEASUREMENT_SNAPSHOT_ENABLE":{"ID":1297297457,"Type":0,"MinVal":0,"MaxVal":2,"Flags":1},"TAG_MEASUEMENT_LEVEL_TABLE":{"ID":1297297459,"Type":0,"MinVal":0,"MaxVal":2,"Flags":1},"TAG_FREQ_WEIGHTING":{"ID":1180119089,"Type":0,"MinVal":0,"MaxVal":3,"Flags":1},"TAG_PEAK_WEIGHTING":{"ID":1347891504,"Type":0,"MinVal":0,"MaxVal":3,"Flags":1},"TAG_DET_WEIGHTING":{"ID":1146564657,"Type":0,"MinVal":0,"MaxVal":3,"Flags":1},"TAG_SLM_GAIN":{"ID":1196306480,"Type":0,"MinVal":0,"MaxVal":2,"Flags":5},"TAG_INTEGRATION_INPUT":{"ID":1146564658,"Type":0,"MinVal":0,"MaxVal":2,"Flags":1},"TAG_OBA_RANGE":{"ID":1329737781,"Type":0,"MinVal":0,"MaxVal":2,"Flags":5},"TAG_OBA_BANDWIDTH":{"ID":1329737778,"Type":0,"MinVal":0,"MaxVal":4,"Flags":5},"TAG_OBA_MAX_MODE":{"ID":1329737783,"Type":0,"MinVal":0,"MaxVal":2,"Flags":5},"TAG_OBA_WEIGHTING":{"ID":1329737782,"Type":0,"MinVal":0,"MaxVal":3,"Flags":5},"TAG_DOSE_THRESHOLD_ENABLE_0":{"ID":1146302519,"Type":0,"MinVal":0,"MaxVal":2,"nDx":0,"Flags":1},"TAG_DOSE_THRESHOLD_ENABLE_1":{"ID":1146302519,"Type":0,"MinVal":0,"MaxVal":2,"nDx":1,"Flags":1},"TAG_EVENT_DET_WEIGHING":{"ID":1163276340,"Type":0,"MinVal":0,"MaxVal":5},"TAG_WIND_DIRECTION":{"ID":1464747059,"Type":0,"MinVal":0,"MaxVal":4},"TAG_WIND_PAUSE":{"ID":1464747063,"Type":0,"MinVal":0,"MaxVal":2},"TAG_SNAPSHOT_SAMPLING_RATE":{"ID":1297297460,"Type":0,"MinVal":0,"MaxVal":4,"Flags":1},"TAG_SPECTRAL_LN":{"ID":1280192563,"Type":0,"MinVal":0,"MaxVal":2,"Flags":1},"TAG_SR_RANGE":{"ID":1397895218,"Type":0,"MinVal":0,"MaxVal":2,"Flags":1},"TAG_GRAPH_RELATIVE":{"ID":1196568625,"Type":0,"MinVal":0,"MaxVal":2},"TAG_WEATHER_ENABLE":{"ID":1094987825,"Type":0,"MinVal":0,"MaxVal":3},"TAG_INSTRUMENT_MODE":{"ID":1229795377,"Type":0,"MinVal":0,"MaxVal":3,"Flags":7},"TAG_RA_LOWEST_FREQ":{"ID":1279668273,"Type":0,"MinVal":0,"MaxVal":36,"Flags":3},"TAG_RT60_NOISE_TYPE":{"ID":1314140209,"Type":0,"MinVal":0,"MaxVal":3,"Flags":2},"TAG_RT60_METHOD":{"ID":1381256497,"Type":0,"MinVal":0,"MaxVal":2,"Flags":3},"TAG_RT60_BANDWIDTH":{"ID":1113010225,"Type":0,"MinVal":1,"MaxVal":4,"Flags":7},"TAG_RT60_SAMPLE_PERIOD":{"ID":1397764145,"Type":0,"MinVal":0,"MaxVal":4,"Flags":3},"TAG_SAVE_AVERAGE_TIME_SERIES":{"ID":1398166593,"Type":0,"MinVal":0,"MaxVal":2,"Flags":3},"TAG_SAVE_ALL_TIME_SERIES":{"ID":1398166611,"Type":0,"MinVal":0,"MaxVal":2,"Flags":3},"TAG_FFT_WINDOW_TYPE":{"ID":1179014193,"Type":0,"MinVal":0,"MaxVal":3,"Flags":268435463},"TAG_FFT_FREQSPAN":{"ID":1179014194,"Type":0,"MinVal":0,"MaxVal":8,"Flags":268435463},"TAG_FFT_NUM_LINES":{"ID":1179014195,"Type":0,"MinVal":0,"MaxVal":5,"Flags":268435463},"TAG_FFT_RUN_MODE":{"ID":1179014196,"Type":0,"MinVal":0,"MaxVal":3,"Flags":3},"TAG_TONE_1996_2":{"ID":1179014197,"Type":0,"MinVal":0,"MaxVal":2},"TAG_TONE_SEEK_DELTA":{"ID":1179014198,"Type":0,"MinVal":0,"MaxVal":4},"TAG_REGRESSION_SPAN":{"ID":1179014199,"Type":0,"MinVal":0,"MaxVal":5},"TAG_VHEAT_STATE":{"ID":1447571505,"Type":0,"MinVal":0,"MaxVal":3},"TAG_RA_HIGHEST_FREQ":{"ID":1212559409,"Type":0,"MinVal":0,"MaxVal":36,"Flags":3},"TAG_RT60_TRIGGER_SOURCE":{"ID":1414678322,"Type":0,"MinVal":0,"MaxVal":36,"Flags":2},"TAG_TIE_SOURCE_TO_CONTROL":{"ID":1414737969,"Type":0,"MinVal":0,"MaxVal":1},"TAG_DOSE_EXCHANGE_RATE_0":{"ID":1146302515,"Type":0,"MinVal":0,"MaxVal":3,"nDx":0,"Flags":1},"TAG_DOSE_EXCHANGE_RATE_1":{"ID":1146302515,"Type":0,"MinVal":0,"MaxVal":3,"nDx":1,"Flags":1},"TAG_LN_0":{"ID":1280192562,"Type":6,"MinVal":0,"MaxVal":99.99,"nDx":0,"num":6},"TAG_LN_1":{"ID":1280192562,"Type":6,"MinVal":0,"MaxVal":99.99,"nDx":1,"num":6},"TAG_LN_2":{"ID":1280192562,"Type":6,"MinVal":0,"MaxVal":99.99,"nDx":2,"num":6},"TAG_LN_3":{"ID":1280192562,"Type":6,"MinVal":0,"MaxVal":99.99,"nDx":3,"num":6},"TAG_LN_4":{"ID":1280192562,"Type":6,"MinVal":0,"MaxVal":99.99,"nDx":4,"num":6},"TAG_LN_5":{"ID":1280192562,"Type":6,"MinVal":0,"MaxVal":99.99,"nDx":5,"num":6}
   }
}