<?xml version="1.0"?>
<doc>
    <assembly>
        <name>LDTranslator</name>
    </assembly>
    <members>
        <member name="T:LarsonDavis.LDUtility.LDTranslator.DataFileInfo">
            <summary>
            Class DataFileInfo.
            </summary>
        </member>
        <member name="P:LarsonDavis.LDUtility.LDTranslator.DataFileInfo.DataStart">
            <summary>
            Gets or sets the data start.
            </summary>
            <value>The data start.</value>
        </member>
        <member name="P:LarsonDavis.LDUtility.LDTranslator.DataFileInfo.RecordList">
            <summary>
            Gets or sets the record list.
            </summary>
            <value>The record list.</value>
        </member>
        <member name="M:LarsonDavis.LDUtility.LDTranslator.DataFileInfo.#ctor">
            <summary>
            Initializes a new instance of the <see cref="T:LarsonDavis.LDUtility.LDTranslator.DataFileInfo"/> class.
            </summary>
        </member>
        <member name="T:LarsonDavis.LDUtility.LDTranslator.Hvm100Translator">
            <summary>
            Class Hvm100Translator.
            </summary>
            <seealso cref="T:LarsonDavis.LDUtility.LDTranslator.HvmTranslatorBase" />
        </member>
        <member name="F:LarsonDavis.LDUtility.LDTranslator.Hvm100Translator.firmwareVersion">
            <summary>
            The firmware version
            </summary>
        </member>
        <member name="M:LarsonDavis.LDUtility.LDTranslator.Hvm100Translator.#ctor">
            <summary>
            Initializes a new instance of the <see cref="T:LarsonDavis.LDUtility.LDTranslator.Hvm100Translator"/> class.
            </summary>
        </member>
        <member name="M:LarsonDavis.LDUtility.LDTranslator.Hvm100Translator.TranslateFileComplete(System.String,System.Boolean)">
            <summary>
            Translates the file complete.
            </summary>
            <param name="fileName">Name of the file.</param>
            <param name="autoMerge">if set to <c>true</c> [automatic merge].</param>
            <returns>Tuple&lt;ServiceReply, HvmDataFileInfo&gt;.</returns>
        </member>
        <member name="M:LarsonDavis.LDUtility.LDTranslator.Hvm100Translator.ReadSetupSection(System.IO.FileStream,LarsonDavis.LDUtility.LDCommon.Legacy.Setup_t@,System.Int32)">
            <summary>
            Reads the setup section.
            </summary>
            <param name="fs">The fs.</param>
            <param name="setup">The setup.</param>
            <param name="structSize">Size of the structure.</param>
            <returns><c>true</c> if XXXX, <c>false</c> otherwise.</returns>
        </member>
        <member name="M:LarsonDavis.LDUtility.LDTranslator.Hvm100Translator.ReadSummarySection(System.IO.FileStream,LarsonDavis.LDUtility.LDCommon.Legacy.Summary_t@,System.Int32)">
            <summary>
            Reads the summary section.
            </summary>
            <param name="fs">The fs.</param>
            <param name="summary">The summary.</param>
            <param name="structSize">Size of the structure.</param>
            <returns><c>true</c> if XXXX, <c>false</c> otherwise.</returns>
        </member>
        <member name="M:LarsonDavis.LDUtility.LDTranslator.Hvm100Translator.ProcessSetupSection(System.IO.FileStream,LarsonDavis.LDUtility.LDCommon.Legacy.HvmRecord)">
            <summary>
            Processes the setup section.
            </summary>
            <param name="fs">The fs.</param>
            <param name="rec">The record.</param>
            <returns><c>true</c> if XXXX, <c>false</c> otherwise.</returns>
        </member>
        <member name="M:LarsonDavis.LDUtility.LDTranslator.Hvm100Translator.ProcessDataSection(System.IO.FileStream,System.Byte[],LarsonDavis.LDUtility.LDTranslator.HvmRecordInfo)">
            <summary>
            Processes the data section.
            </summary>
            <param name="fs">The fs.</param>
            <param name="data">The data.</param>
            <param name="record">The record.</param>
            <returns><c>true</c> if XXXX, <c>false</c> otherwise.</returns>
        </member>
        <member name="M:LarsonDavis.LDUtility.LDTranslator.Hvm100Translator.ProcessLastSection(System.IO.FileStream,LarsonDavis.LDUtility.LDCommon.Legacy.HvmRecord)">
            <summary>
            Processes the last section.
            </summary>
            <param name="fs">The fs.</param>
            <param name="rec">The record.</param>
            <returns><c>true</c> if XXXX, <c>false</c> otherwise.</returns>
        </member>
        <member name="M:LarsonDavis.LDUtility.LDTranslator.Hvm100Translator.ReadMaxLimitedRunTimeFromFile(System.IO.FileStream,LarsonDavis.LDUtility.LDTranslator.HvmRecordInfo)">
            <summary>
            Reads the maximum limited run time from file.
            </summary>
            <param name="fs">The fs.</param>
            <param name="record">The record.</param>
            <returns>System.Int32.</returns>
        </member>
        <member name="M:LarsonDavis.LDUtility.LDTranslator.Hvm100Translator.ReadFwVersionFromFile(System.IO.FileStream)">
            <summary>
            Reads the fw version from file.
            </summary>
            <param name="fs">The fs.</param>
        </member>
        <member name="M:LarsonDavis.LDUtility.LDTranslator.Hvm100Translator.SearchForRecordBegin(System.IO.FileStream,System.Int32)">
            <summary>
            Searches for record begin.
            </summary>
            <param name="fs">The fs.</param>
            <param name="startPos">The start position.</param>
            <returns>System.Int32.</returns>
        </member>
        <member name="T:LarsonDavis.LDUtility.LDTranslator.Hvm200Translator">
            <summary>
            Class Hvm200Translator.
            </summary>
            <seealso cref="T:LarsonDavis.LDUtility.LDTranslator.HvmTranslatorBase" />
        </member>
        <member name="E:LarsonDavis.LDUtility.LDTranslator.Hvm200Translator.ProgressReporter">
            <summary>
            Occurs when [progress reporter].
            </summary>
        </member>
        <member name="F:LarsonDavis.LDUtility.LDTranslator.Hvm200Translator.TH_BLOCK_SIZE">
            <summary>
            The t h_ bloc k_ size
            </summary>
        </member>
        <member name="F:LarsonDavis.LDUtility.LDTranslator.Hvm200Translator.MIN_VALID_LINE_LENGTH">
            <summary>
            The mi n_ vali d_ lin e_ length
            </summary>
        </member>
        <member name="M:LarsonDavis.LDUtility.LDTranslator.Hvm200Translator.#ctor">
            <summary>
            Initializes a new instance of the <see cref="T:LarsonDavis.LDUtility.LDTranslator.Hvm200Translator"/> class.
            </summary>
        </member>
        <member name="M:LarsonDavis.LDUtility.LDTranslator.Hvm200Translator.TranslateFileComplete(System.String,System.Boolean)">
            <summary>
            Translates the file complete.
            </summary>
            <param name="fileName">Name of the file.</param>
            <param name="autoMerge">if set to <c>true</c> [automatic merge].</param>
            <returns>Tuple&lt;ServiceReply, HvmDataFileInfo&gt;.</returns>
        </member>
        <member name="M:LarsonDavis.LDUtility.LDTranslator.Hvm200Translator.ProcessSetupSection(Newtonsoft.Json.Linq.JObject,LarsonDavis.LDUtility.LDCommon.Legacy.HvmRecord)">
            <summary>
            Processes the setup section.
            </summary>
            <param name="json">The json.</param>
            <param name="rec">The record.</param>
            <returns><c>true</c> if XXXX, <c>false</c> otherwise.</returns>
        </member>
        <member name="M:LarsonDavis.LDUtility.LDTranslator.Hvm200Translator.ProcessCalCheckSection(Newtonsoft.Json.Linq.JObject,LarsonDavis.LDUtility.LDCommon.Legacy.HvmRecord)">
            <summary>
            Processes the cal check section.
            </summary>
            <param name="json">The json.</param>
            <param name="rec">The record.</param>
            <returns><c>true</c> if XXXX, <c>false</c> otherwise.</returns>
        </member>
        <member name="M:LarsonDavis.LDUtility.LDTranslator.Hvm200Translator.JsonArrayToString(Newtonsoft.Json.Linq.JArray)">
            <summary>
            Jsons the array to string.
            </summary>
            <param name="jArray">The j array.</param>
            <returns>System.String.</returns>
        </member>
        <member name="M:LarsonDavis.LDUtility.LDTranslator.Hvm200Translator.ExtractSensitivity(LarsonDavis.LDUtility.LDCommon.Legacy.HvmRecord,System.String)">
            <summary>
            Extracts the sensitivity.
            </summary>
            <param name="rec">The record.</param>
            <param name="sensitivity">The sensitivity.</param>
            <returns>System.Single.</returns>
        </member>
        <member name="M:LarsonDavis.LDUtility.LDTranslator.Hvm200Translator.ProcessNotesSection(Newtonsoft.Json.Linq.JObject,LarsonDavis.LDUtility.LDCommon.Legacy.HvmRecord,LarsonDavis.LDUtility.LDCommon.Services.ServiceReply@)">
            <summary>
            Processes the notes section.
            </summary>
            <param name="json">The json.</param>
            <param name="rec">The record.</param>
            <param name="reply">The reply.</param>
            <returns><c>true</c> if XXXX, <c>false</c> otherwise.</returns>
        </member>
        <member name="M:LarsonDavis.LDUtility.LDTranslator.Hvm200Translator.ProcessEditBandsSection(Newtonsoft.Json.Linq.JObject,LarsonDavis.LDUtility.LDCommon.Legacy.HvmRecord)">
            <summary>
            Processes the edit bands section.
            </summary>
            <param name="json">The json.</param>
            <param name="rec">The record.</param>
            <returns><c>true</c> if XXXX, <c>false</c> otherwise.</returns>
        </member>
        <member name="M:LarsonDavis.LDUtility.LDTranslator.Hvm200Translator.ProcessSummarySection(Newtonsoft.Json.Linq.JObject,LarsonDavis.LDUtility.LDCommon.Legacy.HvmRecord,LarsonDavis.LDUtility.LDCommon.Services.ServiceReply@)">
            <summary>
            Processes the summary section.
            </summary>
            <param name="json">The json.</param>
            <param name="rec">The record.</param>
            <param name="reply">The reply.</param>
            <returns><c>true</c> if XXXX, <c>false</c> otherwise.</returns>
        </member>
        <member name="M:LarsonDavis.LDUtility.LDTranslator.Hvm200Translator.ProcessDataBlock(Newtonsoft.Json.Linq.JObject,LarsonDavis.LDUtility.LDCommon.Legacy.HvmRecord)">
            <summary>
            Processes the data block.
            </summary>
            <param name="json">The json.</param>
            <param name="rec">The record.</param>
            <returns><c>true</c> if XXXX, <c>false</c> otherwise.</returns>
        </member>
        <member name="M:LarsonDavis.LDUtility.LDTranslator.Hvm200Translator.CheckForMissingData(LarsonDavis.LDUtility.LDCommon.Legacy.HvmRecord,Newtonsoft.Json.Linq.JArray)">
            <summary>
            Checks for missing data.
            </summary>
            <param name="rec">The record.</param>
            <param name="timeHistory">The time history.</param>
            <returns><c>true</c> if XXXX, <c>false</c> otherwise.</returns>
        </member>
        <member name="M:LarsonDavis.LDUtility.LDTranslator.Hvm200Translator.InsertDataIntoObaBin(Newtonsoft.Json.Linq.JArray,System.Int32,System.Int32,System.Int32,LarsonDavis.LDUtility.LDCommon.Legacy.HvmRecord)">
            <summary>
            Inserts the data into oba bin.
            </summary>
            <param name="TimeHistory">The time history.</param>
            <param name="interval">The interval.</param>
            <param name="binStartIndex">Start index of the bin.</param>
            <param name="binCount">The bin count.</param>
            <param name="rec">The record.</param>
            <returns>H2ObaBin.</returns>
        </member>
        <member name="T:LarsonDavis.LDUtility.LDTranslator.HvmDataFileInfo">
            <summary>
            Class HvmDataFileInfo.
            </summary>
        </member>
        <member name="P:LarsonDavis.LDUtility.LDTranslator.HvmDataFileInfo.RecordList">
            <summary>
            Gets or sets the record list.
            </summary>
            <value>The record list.</value>
        </member>
        <member name="P:LarsonDavis.LDUtility.LDTranslator.HvmDataFileInfo.BadRecordCount">
            <summary>
            Gets or sets the bad record count.
            </summary>
            <value>The bad record count.</value>
        </member>
        <member name="M:LarsonDavis.LDUtility.LDTranslator.HvmDataFileInfo.#ctor">
            <summary>
            Initializes a new instance of the <see cref="T:LarsonDavis.LDUtility.LDTranslator.HvmDataFileInfo"/> class.
            </summary>
        </member>
        <member name="T:LarsonDavis.LDUtility.LDTranslator.HvmRecordInfo">
            <summary>
            Class HvmRecordInfo.
            </summary>
        </member>
        <member name="F:LarsonDavis.LDUtility.LDTranslator.HvmRecordInfo._name">
            <summary>
            The _name
            </summary>
        </member>
        <member name="P:LarsonDavis.LDUtility.LDTranslator.HvmRecordInfo.Name">
            <summary>
            Gets the name.
            </summary>
            <value>The name.</value>
        </member>
        <member name="P:LarsonDavis.LDUtility.LDTranslator.HvmRecordInfo.StartPos">
            <summary>
            Gets or sets the start position.
            </summary>
            <value>The start position.</value>
        </member>
        <member name="P:LarsonDavis.LDUtility.LDTranslator.HvmRecordInfo.EndPos">
            <summary>
            Gets or sets the end position.
            </summary>
            <value>The end position.</value>
        </member>
        <member name="P:LarsonDavis.LDUtility.LDTranslator.HvmRecordInfo.HvmRec">
            <summary>
            Gets or sets the HVM record.
            </summary>
            <value>The HVM record.</value>
        </member>
        <member name="M:LarsonDavis.LDUtility.LDTranslator.HvmRecordInfo.#ctor">
            <summary>
            Initializes a new instance of the <see cref="T:LarsonDavis.LDUtility.LDTranslator.HvmRecordInfo"/> class.
            </summary>
        </member>
        <member name="M:LarsonDavis.LDUtility.LDTranslator.HvmRecordInfo.ToString">
            <summary>
            Returns a <see cref="T:System.String" /> that represents this instance.
            </summary>
            <returns>A <see cref="T:System.String" /> that represents this instance.</returns>
        </member>
        <member name="T:LarsonDavis.LDUtility.LDTranslator.HvmTranslatorBase">
            <summary>
            Class HvmTranslatorBase.
            </summary>
        </member>
        <member name="F:LarsonDavis.LDUtility.LDTranslator.HvmTranslatorBase.MIN_FLOAT_VALUE">
            <summary>
            The mi n_ floa t_ value
            </summary>
        </member>
        <member name="F:LarsonDavis.LDUtility.LDTranslator.HvmTranslatorBase.MAX_FLOAT_VALUE">
            <summary>
            The ma x_ floa t_ value
            </summary>
        </member>
        <member name="F:LarsonDavis.LDUtility.LDTranslator.HvmTranslatorBase.SetupSize">
            <summary>
            The number of bytes in Setup section
            </summary>
        </member>
        <member name="F:LarsonDavis.LDUtility.LDTranslator.HvmTranslatorBase.RunTimeSize">
            <summary>
            The number of bytes in RunTime
            </summary>
        </member>
        <member name="F:LarsonDavis.LDUtility.LDTranslator.HvmTranslatorBase.FileNameLengthInBytes">
            <summary>
            The file name length in bytes
            </summary>
        </member>
        <member name="F:LarsonDavis.LDUtility.LDTranslator.HvmTranslatorBase.FileNameIndex">
            <summary>
            The file name index
            </summary>
        </member>
        <member name="F:LarsonDavis.LDUtility.LDTranslator.HvmTranslatorBase.LastSectionLength">
            <summary>
            The last section length
            </summary>
        </member>
        <member name="F:LarsonDavis.LDUtility.LDTranslator.HvmTranslatorBase.RecordLength">
            <summary>
            The record length
            </summary>
        </member>
        <member name="F:LarsonDavis.LDUtility.LDTranslator.HvmTranslatorBase.RunTimeOffset">
            <summary>
            The run time offset
            </summary>
        </member>
        <member name="F:LarsonDavis.LDUtility.LDTranslator.HvmTranslatorBase.MaxDataSectionSize">
            <summary>
            The maximum data section size
            </summary>
        </member>
        <member name="F:LarsonDavis.LDUtility.LDTranslator.HvmTranslatorBase.BytesPerSample">
            <summary>
            The bytes per sample
            </summary>
        </member>
        <member name="F:LarsonDavis.LDUtility.LDTranslator.HvmTranslatorBase.FileRegisterOffset">
            <summary>
            The file register offset
            </summary>
        </member>
        <member name="F:LarsonDavis.LDUtility.LDTranslator.HvmTranslatorBase.MachineName">
            <summary>
            The machine name
            </summary>
        </member>
        <member name="F:LarsonDavis.LDUtility.LDTranslator.HvmTranslatorBase.prevRecEndTime">
            <summary>
            The previous record end time
            </summary>
        </member>
        <member name="F:LarsonDavis.LDUtility.LDTranslator.HvmTranslatorBase.FileVersionOffset">
            <summary>
            The file version offset
            </summary>
        </member>
        <member name="F:LarsonDavis.LDUtility.LDTranslator.HvmTranslatorBase.unitsMultiplier">
            <summary>
            The units multiplier
            </summary>
        </member>
        <member name="M:LarsonDavis.LDUtility.LDTranslator.HvmTranslatorBase.#ctor">
            <summary>
            Initializes a new instance of the <see cref="T:LarsonDavis.LDUtility.LDTranslator.HvmTranslatorBase"/> class.
            </summary>
        </member>
        <member name="M:LarsonDavis.LDUtility.LDTranslator.HvmTranslatorBase.TranslateFileComplete(System.String,System.Boolean)">
            <summary>
            Translates the file complete.
            </summary>
            <param name="fileName">Name of the file.</param>
            <param name="autoMerge">if set to <c>true</c> [automatic merge].</param>
            <returns>Tuple&lt;ServiceReply, HvmDataFileInfo&gt;.</returns>
        </member>
        <member name="M:LarsonDavis.LDUtility.LDTranslator.HvmTranslatorBase.GetCrestFactorForWholeBody(LarsonDavis.LDUtility.LDCommon.Legacy.HvmRecord)">
            <summary>
            Gets the crest factor for whole body.
            </summary>
            <param name="rec">The record.</param>
        </member>
        <member name="M:LarsonDavis.LDUtility.LDTranslator.HvmTranslatorBase.ReadMetaData(LarsonDavis.LDUtility.LDCommon.Legacy.HvmRecord,System.String)">
            <summary>
            Reads the meta data.
            </summary>
            <param name="rec">The record.</param>
            <param name="filename">The filename.</param>
        </member>
        <member name="M:LarsonDavis.LDUtility.LDTranslator.HvmTranslatorBase.GetDecFromHexByte(System.Int32)">
            <summary>
            Gets the decimal from hexadecimal byte.
            </summary>
            <param name="value">The value.</param>
            <returns>System.Int32.</returns>
        </member>
        <member name="M:LarsonDavis.LDUtility.LDTranslator.HvmTranslatorBase.CombineEq(System.Int32,System.Int32,System.Single,System.Single)">
            <summary>
            Combines the eq.
            </summary>
            <param name="srcRunTime">The source run time.</param>
            <param name="destRuntime">The dest runtime.</param>
            <param name="srcAeq">The source aeq.</param>
            <param name="destAeq">The dest aeq.</param>
            <returns>System.Single.</returns>
        </member>
        <member name="M:LarsonDavis.LDUtility.LDTranslator.HvmTranslatorBase.CombineVDV(System.Single,System.Single)">
            <summary>
            Combines the VDV.
            </summary>
            <param name="srcAeq">The source aeq.</param>
            <param name="destAeq">The dest aeq.</param>
            <returns>System.Single.</returns>
        </member>
        <member name="M:LarsonDavis.LDUtility.LDTranslator.HvmTranslatorBase.MergeOverallMetrics(LarsonDavis.LDUtility.LDCommon.Legacy.HvmRecord,LarsonDavis.LDUtility.LDCommon.Legacy.HvmRecord)">
            <summary>
            Merges the overall metrics.
            </summary>
            <param name="srcRec">The source record.</param>
            <param name="destRec">The dest record.</param>
        </member>
        <member name="M:LarsonDavis.LDUtility.LDTranslator.HvmTranslatorBase.GenerateHandArmA8DAta(LarsonDavis.LDUtility.LDCommon.Legacy.HvmRecord)">
            <summary>
            Generates the hand arm a8 d ata.
            </summary>
            <param name="record">The record.</param>
            <returns><c>true</c> if XXXX, <c>false</c> otherwise.</returns>
        </member>
        <member name="M:LarsonDavis.LDUtility.LDTranslator.HvmTranslatorBase.GetA8ForHandArm(LarsonDavis.LDUtility.LDCommon.Legacy.HvmRecord)">
            <summary>
            Gets the a8 for hand arm.
            </summary>
            <param name="record">The record.</param>
            <returns><c>true</c> if XXXX, <c>false</c> otherwise.</returns>
        </member>
        <member name="M:LarsonDavis.LDUtility.LDTranslator.HvmTranslatorBase.GetIndexedAeq(LarsonDavis.LDUtility.LDCommon.Legacy.HvmRecord,System.Object)">
            <summary>
            Gets the indexed aeq.
            </summary>
            <param name="record">The record.</param>
            <param name="index">The index.</param>
            <returns>System.Double.</returns>
        </member>
        <member name="M:LarsonDavis.LDUtility.LDTranslator.HvmTranslatorBase.GetExpRef(LarsonDavis.LDUtility.LDCommon.Legacy.ExposureRef)">
            <summary>
            Gets the exp reference.
            </summary>
            <param name="expRef">The exp reference.</param>
            <returns>System.Double.</returns>
        </member>
        <member name="M:LarsonDavis.LDUtility.LDTranslator.HvmTranslatorBase.GetA8ExpTimeMax(System.Single,LarsonDavis.LDUtility.LDCommon.Legacy.ReferenceLevel,LarsonDavis.LDUtility.LDCommon.Legacy.ExposureRef,LarsonDavis.LDUtility.LDCommon.Legacy.HvmUnits)">
            <summary>
            Gets the a8 exp time maximum.
            </summary>
            <param name="Aeq">The aeq.</param>
            <param name="dbRef">The database reference.</param>
            <param name="expRef">The exp reference.</param>
            <param name="units">The units.</param>
            <returns>System.Single.</returns>
        </member>
        <member name="M:LarsonDavis.LDUtility.LDTranslator.HvmTranslatorBase.GetExposurePoints(System.Single,LarsonDavis.LDUtility.LDCommon.Legacy.ReferenceLevel,LarsonDavis.LDUtility.LDCommon.Legacy.ExposureRef,LarsonDavis.LDUtility.LDCommon.Legacy.HvmUnits)">
            <summary>
            Gets the exposure points.
            </summary>
            <param name="A8">The a8.</param>
            <param name="dbRef">The database reference.</param>
            <param name="expRef">The exp reference.</param>
            <param name="units">The units.</param>
            <returns>System.Single.</returns>
        </member>
        <member name="M:LarsonDavis.LDUtility.LDTranslator.HvmTranslatorBase.GetA8Value(System.Single,System.Single,System.Single,LarsonDavis.LDUtility.LDCommon.Legacy.ReferenceLevel,LarsonDavis.LDUtility.LDCommon.Legacy.IntMethod,LarsonDavis.LDUtility.LDCommon.Legacy.HvmUnits)">
            <summary>
            Gets the a8 value.
            </summary>
            <param name="Aeq">The aeq.</param>
            <param name="runTime">The run time.</param>
            <param name="hours">The hours.</param>
            <param name="dbRef">The database reference.</param>
            <param name="integration">The integration.</param>
            <param name="units">The units.</param>
            <returns>System.Single.</returns>
        </member>
        <member name="M:LarsonDavis.LDUtility.LDTranslator.HvmTranslatorBase.GetA8ForWholeBody(LarsonDavis.LDUtility.LDCommon.Legacy.HvmRecord,System.Int32)">
            <summary>
            Gets the a8 for whole body.
            </summary>
            <param name="record">The record.</param>
            <param name="A8RunTime">The a8 run time.</param>
            <returns>System.Single.</returns>
        </member>
        <member name="M:LarsonDavis.LDUtility.LDTranslator.HvmTranslatorBase.ConvertUnitsFromMps2(System.Single,LarsonDavis.LDUtility.LDCommon.Legacy.HvmRecord,System.Int64)">
            <summary>
            Converts the units from MPS2.
            </summary>
            <param name="value">The value.</param>
            <param name="rec">The record.</param>
            <param name="timeStampTicks">The time stamp ticks.</param>
            <returns>System.Single.</returns>
        </member>
        <member name="M:LarsonDavis.LDUtility.LDTranslator.HvmTranslatorBase.ConvertToMpss(System.Single,LarsonDavis.LDUtility.LDCommon.Legacy.ReferenceLevel,LarsonDavis.LDUtility.LDCommon.Legacy.HvmUnits)">
            <summary>
            Converts to MPSS.
            </summary>
            <param name="value">The value.</param>
            <param name="dBRef">The d b reference.</param>
            <param name="units">The units.</param>
            <returns>System.Single.</returns>
        </member>
        <member name="M:LarsonDavis.LDUtility.LDTranslator.HvmTranslatorBase.ProcessUnits(LarsonDavis.LDUtility.LDCommon.Legacy.HvmUnits,LarsonDavis.LDUtility.LDCommon.Legacy.IntMethod)">
            <summary>
            Processes the units.
            </summary>
            <param name="units">The units.</param>
            <param name="integration">The integration.</param>
            <returns>System.String.</returns>
        </member>
        <member name="T:LarsonDavis.LDUtility.LDTranslator.RecordInfo">
            <summary>
            Class RecordInfo.
            </summary>
        </member>
        <member name="F:LarsonDavis.LDUtility.LDTranslator.RecordInfo._name">
            <summary>
            The _name
            </summary>
        </member>
        <member name="P:LarsonDavis.LDUtility.LDTranslator.RecordInfo.Name">
            <summary>
            Gets the name.
            </summary>
            <value>The name.</value>
        </member>
        <member name="P:LarsonDavis.LDUtility.LDTranslator.RecordInfo.Index">
            <summary>
            Gets or sets the index.
            </summary>
            <value>The index.</value>
        </member>
        <member name="P:LarsonDavis.LDUtility.LDTranslator.RecordInfo.StartPos">
            <summary>
            Gets or sets the start position.
            </summary>
            <value>The start position.</value>
        </member>
        <member name="P:LarsonDavis.LDUtility.LDTranslator.RecordInfo.EndPos">
            <summary>
            Gets or sets the end position.
            </summary>
            <value>The end position.</value>
        </member>
        <member name="P:LarsonDavis.LDUtility.LDTranslator.RecordInfo.Length">
            <summary>
            Gets or sets the length.
            </summary>
            <value>The length.</value>
        </member>
        <member name="P:LarsonDavis.LDUtility.LDTranslator.RecordInfo.SlmRec">
            <summary>
            Gets or sets the SLM record.
            </summary>
            <value>The SLM record.</value>
        </member>
        <member name="M:LarsonDavis.LDUtility.LDTranslator.RecordInfo.#ctor">
            <summary>
            Initializes a new instance of the <see cref="T:LarsonDavis.LDUtility.LDTranslator.RecordInfo"/> class.
            </summary>
        </member>
        <member name="M:LarsonDavis.LDUtility.LDTranslator.RecordInfo.ToString">
            <summary>
            Returns a <see cref="T:System.String" /> that represents this instance.
            </summary>
            <returns>A <see cref="T:System.String" /> that represents this instance.</returns>
        </member>
        <member name="T:LarsonDavis.LDUtility.LDTranslator.BlockInfo">
            <summary>
            Struct BlockInfo
            </summary>
        </member>
        <member name="F:LarsonDavis.LDUtility.LDTranslator.BlockInfo.lastType">
            <summary>
            The last type
            </summary>
        </member>
        <member name="F:LarsonDavis.LDUtility.LDTranslator.BlockInfo.type">
            <summary>
            The type
            </summary>
        </member>
        <member name="F:LarsonDavis.LDUtility.LDTranslator.BlockInfo.len">
            <summary>
            The length
            </summary>
        </member>
        <member name="F:LarsonDavis.LDUtility.LDTranslator.BlockInfo.dataLen">
            <summary>
            The data length
            </summary>
        </member>
        <member name="F:LarsonDavis.LDUtility.LDTranslator.BlockInfo.numRecords">
            <summary>
            The number records
            </summary>
        </member>
        <member name="F:LarsonDavis.LDUtility.LDTranslator.BlockInfo.ver">
            <summary>
            The ver
            </summary>
        </member>
        <member name="F:LarsonDavis.LDUtility.LDTranslator.BlockInfo.start">
            <summary>
            The start
            </summary>
        </member>
        <member name="F:LarsonDavis.LDUtility.LDTranslator.BlockInfo.dataStart">
            <summary>
            The data start
            </summary>
        </member>
        <member name="F:LarsonDavis.LDUtility.LDTranslator.BlockInfo.boundary">
            <summary>
            The boundary
            </summary>
        </member>
        <member name="T:LarsonDavis.LDUtility.LDTranslator.AudioBlockInfo">
            <summary>
            Struct AudioBlockInfo
            </summary>
        </member>
        <member name="F:LarsonDavis.LDUtility.LDTranslator.AudioBlockInfo.firstRec">
            <summary>
            The first record
            </summary>
        </member>
        <member name="F:LarsonDavis.LDUtility.LDTranslator.AudioBlockInfo.format">
            <summary>
            The format
            </summary>
        </member>
        <member name="F:LarsonDavis.LDUtility.LDTranslator.AudioBlockInfo.token">
            <summary>
            The token
            </summary>
        </member>
        <member name="F:LarsonDavis.LDUtility.LDTranslator.AudioBlockInfo.audioRecord">
            <summary>
            The audio count
            </summary>
        </member>
        <member name="F:LarsonDavis.LDUtility.LDTranslator.AudioBlockInfo.valid">
            <summary>
            The valid
            </summary>
        </member>
        <member name="T:LarsonDavis.LDUtility.LDTranslator.ParseResult">
            <summary>
            Enum used to return results of file Parsing
            </summary>
            <value>The Parse result.</value>
        </member>
        <member name="T:LarsonDavis.LDUtility.LDTranslator.SlmTranslator">
            <summary>
            Class SlmTranslator.
            </summary>
        </member>
        <member name="F:LarsonDavis.LDUtility.LDTranslator.SlmTranslator.IntSize">
            <summary>
            The int size
            </summary>
        </member>
        <member name="F:LarsonDavis.LDUtility.LDTranslator.SlmTranslator.FloatSize">
            <summary>
            The float size
            </summary>
        </member>
        <member name="F:LarsonDavis.LDUtility.LDTranslator.SlmTranslator._dataRecords">
            <summary>
            The _data records
            </summary>
        </member>
        <member name="F:LarsonDavis.LDUtility.LDTranslator.SlmTranslator.blkHdrFailureMsgList">
            <summary>
            List to keep track of messages previously shown, so they don't get repeated
            </summary>
        </member>
        <member name="P:LarsonDavis.LDUtility.LDTranslator.SlmTranslator.DataRecords">
            <summary>
            Gets or sets the data records.
            </summary>
            <value>The data records.</value>
        </member>
        <member name="P:LarsonDavis.LDUtility.LDTranslator.SlmTranslator.MachineName">
            <summary>
            Gets or sets the name of the machine.
            </summary>
            <value>The name of the machine.</value>
        </member>
        <member name="P:LarsonDavis.LDUtility.LDTranslator.SlmTranslator.ActualEndPos">
            <summary>
            Gets or sets the actual end position.
            </summary>
            <value>The actual end position.</value>
        </member>
        <member name="P:LarsonDavis.LDUtility.LDTranslator.SlmTranslator.MaxRecordLength">
            <summary>
            Gets or sets the max record length.
            </summary>
            <value>The max record length.</value>
        </member>
        <member name="P:LarsonDavis.LDUtility.LDTranslator.SlmTranslator.PropsOnly">
            <summary>
            Gets or sets the props only.
            </summary>
            <value>The props only.</value>
        </member>
        <member name="P:LarsonDavis.LDUtility.LDTranslator.SlmTranslator.GotMeasProps">
            <summary>
            Gets or sets the got meas props.
            </summary>
            <value>The got meas props.</value>
        </member>
        <member name="P:LarsonDavis.LDUtility.LDTranslator.SlmTranslator.GotUserProps">
            <summary>
            Gets or sets the got user props.
            </summary>
            <value>The got user props.</value>
        </member>
        <member name="P:LarsonDavis.LDUtility.LDTranslator.SlmTranslator.GotSysProps">
            <summary>
            Gets or sets the got system props.
            </summary>
            <value>The got system props.</value>
        </member>
        <member name="P:LarsonDavis.LDUtility.LDTranslator.SlmTranslator.GotOverallProps">
            <summary>
            Gets or sets the got overall props.
            </summary>
            <value>The got overall props.</value>
        </member>
        <member name="P:LarsonDavis.LDUtility.LDTranslator.SlmTranslator.GotSessionLog">
            <summary>
            Gets or sets the got session log.
            </summary>
            <value>The got session log.</value>
        </member>
        <member name="P:LarsonDavis.LDUtility.LDTranslator.SlmTranslator.GotEventTriggerProps">
            <summary>
            Gets or sets the got event trigger properties.
            </summary>
            <value>The got session log.</value>
        </member>
        <member name="M:LarsonDavis.LDUtility.LDTranslator.SlmTranslator.#ctor">
            <summary>
            Initializes a new instance of the <see cref="T:LarsonDavis.LDUtility.LDTranslator.SlmTranslator"/> class.
            </summary>
        </member>
        <member name="M:LarsonDavis.LDUtility.LDTranslator.SlmTranslator.TranslateFileExtractProperties(System.String)">
            <summary>
            Translates the file extract properties.
            </summary>
            <param name="fileName">Name of the file.</param>
            <returns>Tuple&lt;ServiceReply, DataFileInfo&gt;.</returns>
        </member>
        <member name="M:LarsonDavis.LDUtility.LDTranslator.SlmTranslator.TranslateFileComplete(System.String)">
            <summary>
            Translates the file complete.
            </summary>
            <param name="fileName">Name of the file.</param>
            <returns>Tuple&lt;ServiceReply, DataFileInfo&gt;.</returns>
        </member>
        <member name="M:LarsonDavis.LDUtility.LDTranslator.SlmTranslator.TranslateFileComplete(System.String,System.Boolean)">
             <summary>
             Translates the file complete.
             </summary>
             <param name="fileName">Name of the file.</param>
             <param name="propsOnly">if set to <c>true</c> [props only].</param>
             <returns>Tuple&lt;ServiceReply, DataFileInfo&gt;.</returns>
            
        </member>
        <member name="M:LarsonDavis.LDUtility.LDTranslator.SlmTranslator.GetDataRecords(System.IO.FileStream)">
            <summary>
            Gets the data records.
            </summary>
            <param name="fs">The fs.</param>
            <returns><c>true</c> if XXXX, <c>false</c> otherwise.</returns>
            <exception cref="T:LarsonDavis.LDUtility.LDCommon.Exceptions.LDRecordSizeException">Invalid file size (record length exceeds filesize)</exception>
        </member>
        <member name="M:LarsonDavis.LDUtility.LDTranslator.SlmTranslator.ValidateFileHeader(System.IO.FileStream)">
            <summary>
            Validates the file header.
            </summary>
            <param name="fs">The fs.</param>
            <returns><c>true</c> if XXXX, <c>false</c> otherwise.</returns>
        </member>
        <member name="M:LarsonDavis.LDUtility.LDTranslator.SlmTranslator.ReadMetaData(LarsonDavis.LDUtility.LDCommon.Legacy.SlmRecord,System.String,System.Boolean)">
            <summary>
            Reads the meta data.
            </summary>
            <param name="rec">The record.</param>
            <param name="filename">The filename.</param>
        </member>
        <member name="M:LarsonDavis.LDUtility.LDTranslator.SlmTranslator.ParseRecord(System.IO.FileStream,LarsonDavis.LDUtility.LDTranslator.RecordInfo,System.Boolean)">
            <summary>
            Parses the record.
            </summary>
            <param name="fs">The fs.</param>
            <param name="rec">The record.</param>
            <param name="propsOnly">if set to <c>true</c> [props only].</param>
            <returns><c>true</c> if XXXX, <c>false</c> otherwise.</returns>
        </member>
        <member name="M:LarsonDavis.LDUtility.LDTranslator.SlmTranslator.ParseRecord(System.IO.FileStream,LarsonDavis.LDUtility.LDTranslator.RecordInfo)">
            <summary>
            Parses the record.
            </summary>
            <param name="fs">The fs.</param>
            <param name="rec">The record.</param>
            <returns><c>true</c> if XXXX, <c>false</c> otherwise.</returns>
            <exception cref="T:LarsonDavis.LDUtility.LDCommon.Exceptions.LDObsoleteFirmwareException">Firmware is obsolete. Unable to translate.</exception>
        </member>
        <member name="M:LarsonDavis.LDUtility.LDTranslator.SlmTranslator.ReadDataFileHeader(System.IO.FileStream,System.Int64,LarsonDavis.LDUtility.LDCommon.Legacy.DataFileHeader_t@)">
            <summary>
            Reads the data file header.
            </summary>
            <param name="fs">The fs.</param>
            <param name="startPos">The start position.</param>
            <param name="dfh">The DFH.</param>
            <returns><c>true</c> if XXXX, <c>false</c> otherwise.</returns>
        </member>
        <member name="M:LarsonDavis.LDUtility.LDTranslator.SlmTranslator.ReadBlockHeader(System.IO.FileStream,LarsonDavis.LDUtility.LDCommon.Legacy.BlockHeader_t@,System.Int32,LarsonDavis.LDUtility.LDCommon.Legacy.BlockTag)">
            <summary>
            Reads the block header.
            </summary>
            <param name="fs">The fs.</param>
            <param name="bh">The bh.</param>
            <param name="bhSize">Size of the bh.</param>
            <param name="lastTag">The last tag.</param>
            <returns><c>true</c> if XXXX, <c>false</c> otherwise.</returns>
        </member>
        <member name="M:LarsonDavis.LDUtility.LDTranslator.SlmTranslator.ValidTag(LarsonDavis.LDUtility.LDCommon.Legacy.BlockTag,LarsonDavis.LDUtility.LDCommon.Legacy.BlockTag)">
            <summary>
            Valids the tag.
            </summary>
            <param name="tag">The tag.</param>
            <param name="lastTag">The last tag.</param>
            <returns><c>true</c> if XXXX, <c>false</c> otherwise.</returns>
        </member>
        <member name="M:LarsonDavis.LDUtility.LDTranslator.SlmTranslator.ValidLength(System.IO.FileStream,LarsonDavis.LDUtility.LDCommon.Legacy.BlockHeader_t)">
            <summary>
            Valids the length.
            </summary>
            <param name="fs">The FileStream.</param>
            <param name="bh">The block header.</param>
            <returns><c>true</c> if XXXX, <c>false</c> otherwise.</returns>
        </member>
        <member name="M:LarsonDavis.LDUtility.LDTranslator.SlmTranslator.ValidRecords(LarsonDavis.LDUtility.LDCommon.Legacy.BlockHeader_t)">
            <summary>
            Valids the records.
            </summary>
            <param name="bh">The block header</param>
            <returns><c>true</c> if XXXX, <c>false</c> otherwise.</returns>
        </member>
        <member name="M:LarsonDavis.LDUtility.LDTranslator.SlmTranslator.ValidVersion(System.UInt32)">
            <summary>
            Valids the version.
            </summary>
            <param name="ver">The ver.</param>
            <returns><c>true</c> if XXXX, <c>false</c> otherwise.</returns>
        </member>
        <member name="M:LarsonDavis.LDUtility.LDTranslator.SlmTranslator.ProcessBlockSystem(System.IO.FileStream,LarsonDavis.LDUtility.LDTranslator.RecordInfo,LarsonDavis.LDUtility.LDTranslator.BlockInfo)">
            <summary>
            Processes the block system.
            </summary>
            <param name="fs">The fs.</param>
            <param name="rec">The record.</param>
            <param name="bi">The bi.</param>
        </member>
        <member name="M:LarsonDavis.LDUtility.LDTranslator.SlmTranslator.ProcessBlockPreference(System.IO.FileStream,LarsonDavis.LDUtility.LDTranslator.RecordInfo,LarsonDavis.LDUtility.LDTranslator.BlockInfo)">
            <summary>
            Processes the block preference.
            </summary>
            <param name="fs">The fs.</param>
            <param name="rec">The record.</param>
            <param name="bi">The bi.</param>
        </member>
        <member name="M:LarsonDavis.LDUtility.LDTranslator.SlmTranslator.ProcessBlockControls(System.IO.FileStream,LarsonDavis.LDUtility.LDTranslator.RecordInfo,LarsonDavis.LDUtility.LDTranslator.BlockInfo)">
            <summary>
            Processes the block controls.
            </summary>
            <param name="fs">The fs.</param>
            <param name="rec">The record.</param>
            <param name="bi">The bi.</param>
        </member>
        <member name="M:LarsonDavis.LDUtility.LDTranslator.SlmTranslator.ProcessBlockCal(System.IO.FileStream,LarsonDavis.LDUtility.LDTranslator.RecordInfo,LarsonDavis.LDUtility.LDTranslator.BlockInfo)">
            <summary>
            Processes the block cal.
            </summary>
            <param name="fs">The fs.</param>
            <param name="rec">The record.</param>
            <param name="bi">The bi.</param>
        </member>
        <member name="M:LarsonDavis.LDUtility.LDTranslator.SlmTranslator.ProcessBlockOverall(System.IO.FileStream,LarsonDavis.LDUtility.LDTranslator.RecordInfo,LarsonDavis.LDUtility.LDTranslator.BlockInfo)">
            <summary>
            Processes the block overall.
            </summary>
            <param name="fs">The fs.</param>
            <param name="rec">The record.</param>
            <param name="bi">The bi.</param>
        </member>
        <member name="M:LarsonDavis.LDUtility.LDTranslator.SlmTranslator.ProcessBlockCurrent(System.IO.FileStream,LarsonDavis.LDUtility.LDTranslator.RecordInfo,LarsonDavis.LDUtility.LDTranslator.BlockInfo)">
            <summary>
            Processes the block current.
            </summary>
            <param name="fs">The fs.</param>
            <param name="rec">The record.</param>
            <param name="bi">The bi.</param>
            <exception cref="T:System.NotImplementedException"></exception>
        </member>
        <member name="M:LarsonDavis.LDUtility.LDTranslator.SlmTranslator.ProcessBlockDose(System.IO.FileStream,LarsonDavis.LDUtility.LDTranslator.RecordInfo,LarsonDavis.LDUtility.LDTranslator.BlockInfo)">
            <summary>
            Processes the block dose.
            </summary>
            <param name="fs">The fs.</param>
            <param name="rec">The record.</param>
            <param name="bi">The bi.</param>
        </member>
        <member name="M:LarsonDavis.LDUtility.LDTranslator.SlmTranslator.ProcessBlockLnTable(System.IO.FileStream,LarsonDavis.LDUtility.LDTranslator.RecordInfo,LarsonDavis.LDUtility.LDTranslator.BlockInfo)">
            <summary>
            Processes the block ln table.
            </summary>
            <param name="fs">The fs.</param>
            <param name="rec">The record.</param>
            <param name="bi">The bi.</param>
        </member>
        <member name="M:LarsonDavis.LDUtility.LDTranslator.SlmTranslator.ProcessBlockSession(System.IO.FileStream,LarsonDavis.LDUtility.LDTranslator.RecordInfo,LarsonDavis.LDUtility.LDTranslator.BlockInfo)">
            <summary>
            Processes the block session.
            </summary>
            <param name="fs">The fs.</param>
            <param name="rec">The record.</param>
            <param name="bi">The bi.</param>
        </member>
        <member name="M:LarsonDavis.LDUtility.LDTranslator.SlmTranslator.ProcessBlockVoice(System.IO.FileStream,LarsonDavis.LDUtility.LDTranslator.RecordInfo,LarsonDavis.LDUtility.LDTranslator.BlockInfo)">
            <summary>
            Processes the block voice.
            </summary>
            <param name="fs">The fs.</param>
            <param name="rec">The record.</param>
            <param name="bi">The bi.</param>
        </member>
        <member name="M:LarsonDavis.LDUtility.LDTranslator.SlmTranslator.ProcessBlockVoiceComp(System.IO.FileStream,LarsonDavis.LDUtility.LDTranslator.RecordInfo,LarsonDavis.LDUtility.LDTranslator.BlockInfo)">
            <summary>
            Processes the block voice comp.
            </summary>
            <param name="fs">The fs.</param>
            <param name="rec">The record.</param>
            <param name="bi">The bi.</param>
            <exception cref="T:System.NotImplementedException"></exception>
        </member>
        <member name="M:LarsonDavis.LDUtility.LDTranslator.SlmTranslator.ProcessBlockAudio(System.IO.Stream,LarsonDavis.LDUtility.LDTranslator.RecordInfo,LarsonDavis.LDUtility.LDTranslator.BlockInfo,LarsonDavis.LDUtility.LDTranslator.AudioBlockInfo@)">
            <summary>
            Processes the block audio.
            </summary>
            <param name="fs">The fs.</param>
            <param name="rec">The record.</param>
            <param name="bi">Block Info</param>
            <param name="abi">Audio Block Info</param>
        </member>
        <member name="M:LarsonDavis.LDUtility.LDTranslator.SlmTranslator.ProcessBlockAudioComp(System.IO.FileStream,LarsonDavis.LDUtility.LDTranslator.RecordInfo,LarsonDavis.LDUtility.LDTranslator.BlockInfo)">
            <summary>
            Processes the block audio comp.
            </summary>
            <param name="fs">The fs.</param>
            <param name="rec">The record.</param>
            <param name="bi">The bi.</param>
            <exception cref="T:System.NotImplementedException"></exception>
        </member>
        <member name="M:LarsonDavis.LDUtility.LDTranslator.SlmTranslator.ProcessBlockEvents(System.IO.FileStream,LarsonDavis.LDUtility.LDTranslator.RecordInfo,LarsonDavis.LDUtility.LDTranslator.BlockInfo)">
            <summary>
            Processes the block events.
            </summary>
            <param name="fs">The fs.</param>
            <param name="rec">The record.</param>
            <param name="bi">The bi.</param>
        </member>
        <member name="M:LarsonDavis.LDUtility.LDTranslator.SlmTranslator.ProcessBlockTimeHistory(System.IO.FileStream,LarsonDavis.LDUtility.LDTranslator.RecordInfo,LarsonDavis.LDUtility.LDTranslator.BlockInfo)">
            <summary>
            Processes the block time history.
            </summary>
            <param name="fs">The fs.</param>
            <param name="rec">The record.</param>
            <param name="bi">The bi.</param>
        </member>
        <member name="M:LarsonDavis.LDUtility.LDTranslator.SlmTranslator.ProcessBlockIntervals(System.IO.FileStream,LarsonDavis.LDUtility.LDTranslator.RecordInfo,LarsonDavis.LDUtility.LDTranslator.BlockInfo)">
            <summary>
            Processes the block intervals.
            </summary>
            <param name="fs">The fs.</param>
            <param name="rec">The record.</param>
            <param name="bi">The bi.</param>
        </member>
        <member name="M:LarsonDavis.LDUtility.LDTranslator.SlmTranslator.ExpandSimple(LarsonDavis.LDUtility.LDTranslator.RecordInfo,LarsonDavis.LDUtility.LDCommon.Legacy.slm2@,LarsonDavis.LDUtility.LDCommon.Legacy.SlmLevels_t,LarsonDavis.LDUtility.LDCommon.Legacy.Level_t[],LarsonDavis.LDUtility.LDCommon.Legacy.Level_t[])">
            <summary>
            Expands the simple.
            </summary>
            <param name="rec">The record.</param>
            <param name="allData">All data.</param>
            <param name="lev">The lev.</param>
            <param name="lev11">The lev11.</param>
            <param name="lev13">The lev13.</param>
        </member>
        <member name="M:LarsonDavis.LDUtility.LDTranslator.SlmTranslator.ExtractDetectorTs(LarsonDavis.LDUtility.LDTranslator.RecordInfo,LarsonDavis.LDUtility.LDCommon.Legacy.SlmLevels_t,LarsonDavis.LDUtility.LDCommon.Legacy.DetectorTs_t@)">
            <summary>
            Extracts the detector ts.
            </summary>
            <param name="rec">The record.</param>
            <param name="lev">The lev.</param>
            <param name="Dets">The dets.</param>
        </member>
        <member name="M:LarsonDavis.LDUtility.LDTranslator.SlmTranslator.ExtractDetector(LarsonDavis.LDUtility.LDTranslator.RecordInfo,LarsonDavis.LDUtility.LDCommon.Legacy.Level_t,LarsonDavis.LDUtility.LDCommon.Legacy.Detector_t@)">
            <summary>
            Extracts the detector.
            </summary>
            <param name="rec">The record.</param>
            <param name="lev">The lev.</param>
            <param name="Det">The det.</param>
        </member>
        <member name="M:LarsonDavis.LDUtility.LDTranslator.SlmTranslator.ProcessBlockEventRecord(System.IO.FileStream,LarsonDavis.LDUtility.LDTranslator.RecordInfo,LarsonDavis.LDUtility.LDTranslator.BlockInfo)">
            <summary>
            Processes the block event record.
            </summary>
            <param name="fs">The fs.</param>
            <param name="rec">The record.</param>
            <param name="bi">The bi.</param>
        </member>
        <member name="M:LarsonDavis.LDUtility.LDTranslator.SlmTranslator.ProcessBlockEventTimeHistory(System.IO.FileStream,LarsonDavis.LDUtility.LDTranslator.RecordInfo,LarsonDavis.LDUtility.LDTranslator.BlockInfo,System.Int64)">
            <summary>
            Processes the block event time history.
            </summary>
            <param name="fs">The fs.</param>
            <param name="rec">The record.</param>
            <param name="bi">The bi.</param>
            <param name="ethOffset">The eth count.</param>
        </member>
        <member name="M:LarsonDavis.LDUtility.LDTranslator.SlmTranslator.ProcessBlockOverload(System.IO.FileStream,LarsonDavis.LDUtility.LDTranslator.RecordInfo,LarsonDavis.LDUtility.LDTranslator.BlockInfo)">
            <summary>
            Processes the block overload.
            </summary>
            <param name="fs">The fs.</param>
            <param name="rec">The record.</param>
            <param name="bi">The bi.</param>
        </member>
        <member name="M:LarsonDavis.LDUtility.LDTranslator.SlmTranslator.ProcessBlockProfile(System.IO.FileStream,LarsonDavis.LDUtility.LDTranslator.RecordInfo,LarsonDavis.LDUtility.LDTranslator.BlockInfo)">
            <summary>
            Processes the block profile.
            </summary>
            <param name="fs">The fs.</param>
            <param name="rec">The record.</param>
            <param name="bi">The bi.</param>
            <exception cref="T:System.NotImplementedException"></exception>
        </member>
        <member name="M:LarsonDavis.LDUtility.LDTranslator.SlmTranslator.ProcessBlockDailyNoise(System.IO.FileStream,LarsonDavis.LDUtility.LDTranslator.RecordInfo,LarsonDavis.LDUtility.LDTranslator.BlockInfo)">
            <summary>
            Processes the block daily noise.
            </summary>
            <param name="fs">The fs.</param>
            <param name="rec">The record.</param>
            <param name="bi">The bi.</param>
        </member>
        <member name="M:LarsonDavis.LDUtility.LDTranslator.SlmTranslator.ProcessBlockGPS(System.IO.FileStream,LarsonDavis.LDUtility.LDTranslator.RecordInfo,LarsonDavis.LDUtility.LDTranslator.BlockInfo)">
            <summary>
            Processes the block GPS.
            </summary>
            <param name="fs">The fs.</param>
            <param name="rec">The record.</param>
            <param name="bi">The bi.</param>
        </member>
        <member name="M:LarsonDavis.LDUtility.LDTranslator.SlmTranslator.ProcessBlockSpectralLn(System.IO.FileStream,LarsonDavis.LDUtility.LDTranslator.RecordInfo,LarsonDavis.LDUtility.LDTranslator.BlockInfo)">
            <summary>
            Processes the block spectral ln.
            </summary>
            <param name="fs">The fs.</param>
            <param name="rec">The record.</param>
            <param name="bi">The bi.</param>
        </member>
        <member name="M:LarsonDavis.LDUtility.LDTranslator.SlmTranslator.ProcessBlockNoiseFloor(System.IO.FileStream,LarsonDavis.LDUtility.LDTranslator.RecordInfo,LarsonDavis.LDUtility.LDTranslator.BlockInfo)">
            <summary>
            Processes the block noise floor.
            </summary>
            <param name="fs">The fs.</param>
            <param name="rec">The record.</param>
            <param name="bi">The bi.</param>
        </member>
        <member name="M:LarsonDavis.LDUtility.LDTranslator.SlmTranslator.ProcessBlockWeather(System.IO.FileStream,LarsonDavis.LDUtility.LDTranslator.RecordInfo,LarsonDavis.LDUtility.LDTranslator.BlockInfo)">
            <summary>
            Processes the block weather.
            </summary>
            <param name="fs">The fs.</param>
            <param name="rec">The record.</param>
            <param name="bi">The bi.</param>
        </member>
        <member name="M:LarsonDavis.LDUtility.LDTranslator.SlmTranslator.ProcessBlockCalHistory(System.IO.FileStream,LarsonDavis.LDUtility.LDTranslator.RecordInfo,LarsonDavis.LDUtility.LDTranslator.BlockInfo)">
            <summary>
            Processes the block cal history.
            </summary>
            <param name="fs">The fs.</param>
            <param name="rec">The record.</param>
            <param name="bi">The bi.</param>
        </member>
        <member name="M:LarsonDavis.LDUtility.LDTranslator.SlmTranslator.ProcessBlockCalCheckHistory(System.IO.FileStream,LarsonDavis.LDUtility.LDTranslator.RecordInfo,LarsonDavis.LDUtility.LDTranslator.BlockInfo)">
            <summary>
            Processes the block cal check history.
            </summary>
            <param name="fs">The fs.</param>
            <param name="rec">The record.</param>
            <param name="bi">The bi.</param>
        </member>
        <member name="M:LarsonDavis.LDUtility.LDTranslator.SlmTranslator.ProcessBlockInternal(System.IO.FileStream,LarsonDavis.LDUtility.LDTranslator.RecordInfo,LarsonDavis.LDUtility.LDTranslator.BlockInfo)">
            <summary>
            Processes the block internal.
            </summary>
            <param name="fs">The fs.</param>
            <param name="rec">The record.</param>
            <param name="bi">The bi.</param>
            <exception cref="T:System.NotImplementedException"></exception>
        </member>
        <member name="M:LarsonDavis.LDUtility.LDTranslator.SlmTranslator.ProcessBlockEnvPreampInfo(System.IO.FileStream,LarsonDavis.LDUtility.LDTranslator.RecordInfo,LarsonDavis.LDUtility.LDTranslator.BlockInfo)">
            <summary>
            Processes the block env preamp information.
            </summary>
            <param name="fs">The fs.</param>
            <param name="rec">The record.</param>
            <param name="bi">The bi.</param>
        </member>
        <member name="M:LarsonDavis.LDUtility.LDTranslator.SlmTranslator.ProcessBlockEnvPreampData(System.IO.FileStream,LarsonDavis.LDUtility.LDTranslator.RecordInfo,LarsonDavis.LDUtility.LDTranslator.BlockInfo)">
            <summary>
            Processes the block env preamp data.
            </summary>
            <param name="fs">The fs.</param>
            <param name="rec">The record.</param>
            <param name="bi">The bi.</param>
        </member>
        <member name="M:LarsonDavis.LDUtility.LDTranslator.SlmTranslator.ProcessBlockRaL1(System.IO.FileStream,LarsonDavis.LDUtility.LDTranslator.RecordInfo,LarsonDavis.LDUtility.LDTranslator.BlockInfo)">
            <summary>
            Processes the block ra l1.
            </summary>
            <param name="fs">The fs.</param>
            <param name="rec">The record.</param>
            <param name="bi">The bi.</param>
            <exception cref="T:System.NotImplementedException"></exception>
        </member>
        <member name="M:LarsonDavis.LDUtility.LDTranslator.SlmTranslator.ProcessBlockRaL2(System.IO.FileStream,LarsonDavis.LDUtility.LDTranslator.RecordInfo,LarsonDavis.LDUtility.LDTranslator.BlockInfo)">
            <summary>
            Processes the block ra l2.
            </summary>
            <param name="fs">The fs.</param>
            <param name="rec">The record.</param>
            <param name="bi">The bi.</param>
            <exception cref="T:System.NotImplementedException"></exception>
        </member>
        <member name="M:LarsonDavis.LDUtility.LDTranslator.SlmTranslator.ProcessBlockRaB2(System.IO.FileStream,LarsonDavis.LDUtility.LDTranslator.RecordInfo,LarsonDavis.LDUtility.LDTranslator.BlockInfo)">
            <summary>
            Processes the block ra b2.
            </summary>
            <param name="fs">The fs.</param>
            <param name="rec">The record.</param>
            <param name="bi">The bi.</param>
            <exception cref="T:System.NotImplementedException"></exception>
        </member>
        <member name="M:LarsonDavis.LDUtility.LDTranslator.SlmTranslator.ProcessBlockRaT2(System.IO.FileStream,LarsonDavis.LDUtility.LDTranslator.RecordInfo,LarsonDavis.LDUtility.LDTranslator.BlockInfo)">
            <summary>
            Processes the block ra t2.
            </summary>
            <param name="fs">The fs.</param>
            <param name="rec">The record.</param>
            <param name="bi">The bi.</param>
        </member>
        <member name="M:LarsonDavis.LDUtility.LDTranslator.SlmTranslator.ProcessBlockRaRt60Record(System.IO.FileStream,LarsonDavis.LDUtility.LDTranslator.RecordInfo,LarsonDavis.LDUtility.LDTranslator.BlockInfo)">
            <summary>
            Processes the block ra RT60 record.
            </summary>
            <param name="fs">The fs.</param>
            <param name="rec">The record.</param>
            <param name="bi">The bi.</param>
        </member>
        <member name="M:LarsonDavis.LDUtility.LDTranslator.SlmTranslator.ProcessBlockRaAbtsLevel(System.IO.FileStream,LarsonDavis.LDUtility.LDTranslator.RecordInfo,LarsonDavis.LDUtility.LDTranslator.BlockInfo)">
            <summary>
            Processes the block ra abts level.
            </summary>
            <param name="fs">The fs.</param>
            <param name="rec">The record.</param>
            <param name="bi">The bi.</param>
        </member>
        <member name="M:LarsonDavis.LDUtility.LDTranslator.SlmTranslator.ProcessBlockFftOverallData(System.IO.FileStream,LarsonDavis.LDUtility.LDTranslator.RecordInfo,LarsonDavis.LDUtility.LDTranslator.BlockInfo)">
            <summary>
            Processes the block FFT overall data.
            </summary>
            <param name="fs">The fs.</param>
            <param name="rec">The record.</param>
            <param name="bi">The bi.</param>
        </member>
        <member name="M:LarsonDavis.LDUtility.LDTranslator.SlmTranslator.ProcessBlockFftMeasurementHistoryData(System.IO.FileStream,LarsonDavis.LDUtility.LDTranslator.RecordInfo,LarsonDavis.LDUtility.LDTranslator.BlockInfo)">
            <summary>
            Processes the block FFT measurement history data.
            </summary>
            <param name="fs">The fs.</param>
            <param name="rec">The record.</param>
            <param name="bi">The bi.</param>
        </member>
        <member name="M:LarsonDavis.LDUtility.LDTranslator.SlmTranslator.ProcessBlockSystemMetricsData(System.IO.FileStream,LarsonDavis.LDUtility.LDTranslator.RecordInfo,LarsonDavis.LDUtility.LDTranslator.BlockInfo)">
            <summary>
            Processes the system metrics data block.
            </summary>
            <param name="fs">The fs.</param>
            <param name="rec">The record.</param>
            <param name="bi">The bi.</param>
        </member>
        <member name="M:LarsonDavis.LDUtility.LDTranslator.SlmTranslator.ProcessBlockEventTriggers(System.IO.FileStream,LarsonDavis.LDUtility.LDTranslator.RecordInfo,LarsonDavis.LDUtility.LDTranslator.BlockInfo)">
            <summary>
            Processes the system metrics data block.
            </summary>
            <param name="fs">The fs.</param>
            <param name="rec">The record.</param>
            <param name="bi">The bi.</param>
        </member>
        <member name="M:LarsonDavis.LDUtility.LDTranslator.SlmTranslator.LoadSpectraData(LarsonDavis.LDUtility.LDCommon.Legacy.SpectraInfo_t@,LarsonDavis.LDUtility.LDCommon.Legacy.DetectorId,System.Int32,LarsonDavis.LDUtility.LDCommon.Legacy.Detector_t,LarsonDavis.LDUtility.LDCommon.Legacy.IntegrationMethod)">
            <summary>
            Loads the spectra data.
            </summary>
            <param name="Spectra">The spectra.</param>
            <param name="detector">The detector.</param>
            <param name="nDx">The n dx.</param>
            <param name="Det">The det.</param>
            <param name="integration">The integration.</param>
        </member>
        <member name="M:LarsonDavis.LDUtility.LDTranslator.SlmTranslator.CalcNumSpectra(System.Int32,System.Int32)">
            <summary>
            Calculates the number spectra.
            </summary>
            <param name="spectra">The spectra.</param>
            <param name="bandwidth">The bandwidth.</param>
            <returns>System.Int32.</returns>
        </member>
        <member name="M:LarsonDavis.LDUtility.LDTranslator.SlmTranslator.GetPercentileOffset">
            <summary>
            Gets the percentile offset.
            </summary>
            <returns>System.Int64.</returns>
        </member>
        <member name="M:LarsonDavis.LDUtility.LDTranslator.SlmTranslator.GetMeterType(System.String)">
            <summary>
            Gets the type of the meter.
            </summary>
            <param name="val">The value.</param>
            <returns>MeterType.</returns>
        </member>
    </members>
</doc>
